{"cameraMode":{"drawMode":0,"name":"Shaded","section":"Shading Mode"},"sceneLighting":true,"audioPlay":false,"sceneViewState":{"m_AlwaysRefresh":false,"showFog":true,"showSkybox":true,"showFlares":true,"showImageEffects":true,"showParticleSystems":true,"showVisualEffectGraphs":true,"m_FxEnabled":true},"in2DMode":false,"pivot":{"x":134.0309600830078,"y":69.1115493774414,"z":111.80996704101563},"rotation":{"x":0.07366809248924256,"y":0.04635516181588173,"z":-0.003387759905308485,"w":0.9962493777275086},"size":447.03778076171877,"orthographic":false}