{"cameraMode":{"drawMode":0,"name":"Shaded","section":"Shading Mode"},"sceneLighting":true,"audioPlay":false,"sceneViewState":{"m_AlwaysRefresh":false,"showFog":true,"showSkybox":true,"showFlares":true,"showImageEffects":true,"showParticleSystems":true,"showVisualEffectGraphs":true,"m_FxEnabled":true},"in2DMode":false,"pivot":{"x":381.6706848144531,"y":212.82473754882813,"z":-13.962335586547852},"rotation":{"x":0.07366809248924256,"y":0.04635516181588173,"z":-0.003387759905308485,"w":0.9962493777275086},"size":315.6976013183594,"orthographic":false}